<?xml version="1.0" encoding="UTF-8" standalone="yes"?>
<addon id="repository.lukymas" name="LUKYMAS repo" version="1.3 - Omega" provider-name="LUKYMAS">
    <extension point="xbmc.addon.repository" name="Example Repository">
        <dir>
            <info compressed="false">https://raw.githubusercontent.com/lksmasin/kodirepo/main/repo/zips/addons.xml</info>
            <checksum>https://raw.githubusercontent.com/lksmasin/kodirepo/main/repo/zips/addons.xml.md5</checksum>
            <datadir zip="true">https://raw.githubusercontent.com/lksmasin/kodirepo/main/repo/zips/</datadir>
        </dir>
    </extension>
    <extension point="xbmc.addon.metadata">
        <summary>LUKYMAS repo</summary>
        <description>Kodi repozitář s doplňky od lukymas.</description>
        <disclaimer></disclaimer>
        <platform>all</platform>
        <assets>
            <icon>icon.png</icon>
            <fanart>fanart.jpg</fanart>
        </assets>
    </extension>
</addon>
