<?xml version="1.0" encoding="utf-8"?>
<includes>

    <include name="DefaultSkinSettings">
    
	    <onload condition="!Skin.HasSetting(nodefault_widgets)">Skin.SetString(SCCnoWidget)</onload>
        <onload condition="!Skin.HasSetting(nodefault_widgets)">Skin.SetString(SCCWidgetPVS)</onload>
        <onload condition="!Skin.HasSetting(nodefault_widgets)">Skin.SetString(SCCWidgetTrendyFilmy)</onload>
        <onload condition="!Skin.HasSetting(nodefault_widgets)">Skin.SetString(SCCWidgetTrendySerialy)</onload>
        <onload condition="!Skin.HasSetting(nodefault_widgets)">Skin.SetString(SCCWidgetTvTipy)</onload>
        <onload condition="!Skin.HasSetting(nodefault_widgets)">Skin.SetString(SCCWidgetHistoriaSledovania)</onload>
        <onload condition="!Skin.HasSetting(nodefault_widgets)">Skin.SetString(SCCTraktWidget)</onload>
        <onload condition="!Skin.HasSetting(nodefault_widgets)">Skin.SetString(SCCTraktWidgetNaPozretie)</onload>
        <onload condition="!Skin.HasSetting(nodefault_widgets)">Skin.SetString(SCCTraktWidgetPozreneFilmy)</onload>
        <onload condition="!Skin.HasSetting(nodefault_widgets)">Skin.SetString(HomeMenuNoMovieButton)</onload>
        <onload>Skin.SetBool(nodefault_widgets)</onload>

    </include>
	
</includes>