<?xml version="1.0" encoding="UTF-8"?>
<window id="1112">
	<defaultcontrol always="true">100</defaultcontrol>
	<include>Animation_DialogPopupOpenClose</include>
	<depth>DepthDialog+</depth>
	<controls>
		<control type="group">
			<height>1000</height>
			<centertop>50%</centertop>
			<centerleft>50%</centerleft>
			<width>1200</width>
			<include content="DialogBackgroundCommons">
				<param name="header_label" value="Vítej v Nimbus SCC editu" />
				<param name="header_id" value="1" />
			</include>
			<control type="textbox" id="9">
				<left>0</left>
				<top>100</top>
				<width>1200</width>
				<height>1000</height>
				<textcolor>darkgrey</textcolor>
				<font>font32_title</font>
				<label>Nimbus vytvořil Ivar Brandt.[CR][CR]Upravil LUKYMAS za účelem integrace doplňku Stream Cinema Community.[CR][CR]Nedoporučuji upravovat nastavení skinu. Byl vytvořen pouze pro jednoduché používání SCC proto tady nenajdeš jiné KODI funkce.[CR][CR]Budu se snažit skin dále aktualizovat a vylepšovat.[CR][CR]Pokud budeš mít problém kontaktuj mě na mail@lukymas.eu.org nebo vytvoř issue v mém github repositáři "kodirepo" kde mimochodem najdeš i source kód.</label>
				<autoscroll time="3000" delay="4000" repeat="5000">true</autoscroll>
			</control>
			<control type="button" id="100">
				<visible>!Skin.HasSetting(firsttimerun)</visible>
				<centerleft>50%</centerleft>
				<top>870</top>
				<width>300</width>
				<height>100</height>
				<label>OK</label>
				<font>font25_title</font>
				<textoffsetx>20</textoffsetx>
				<textoffsety>33</textoffsety>
				<onclick>Skin.Setbool(firsttimerun)</onclick>
				<onclick>back</onclick>
				<onclick>RunScript(script.nimbus.helper,mode=remake_all_cpaths)</onclick>
				<align>center</align>
				<aligny>left</aligny>
				<texturefocus border="40" colordiffuse="$VAR[FocusColorTheme]">buttons/dialogbutton-fo.png</texturefocus>
				<texturenofocus border="40" colordiffuse="button_focus2">buttons/dialogbutton-nofo.png</texturenofocus>
			</control>
		</control>
	</controls>
</window>
