<?xml version="1.0" encoding="UTF-8"?>
<window>
	<defaultcontrol always="true">8000</defaultcontrol>
	<onload>ClearProperty(SplashStarted,home)</onload>
	<controls>
		<control type="videowindow">
			<include>FullScreenDimensions</include>
		</control>
		<control type="group">
			<visible>String.IsEmpty(Skin.String(SplashScreen)) + !Skin.HasSetting(EnableSpashScreen)</visible>
			<control type="image">
				<depth>DepthBackground</depth>
				<include>FullScreenDimensions</include>
				<centertop>50%</centertop>
				<width>100%</width>
				<height>100%</height>
				<aspectratio>keep</aspectratio>
				<texture>special://skin/media/startup/nexus.jpg</texture>
				<animation effect="fade" center="auto" time="8000" start="0" end="100" loop="false" condition="true" >Conditional</animation>
			</control>
			<control type="image">
				<depth>DepthBackground</depth>
				<include>FullScreenDimensions</include>
				<centertop>50%</centertop>
				<width>100%</width>
				<height>100%</height>
				<aspectratio>keep</aspectratio>
				<texture>special://skin/media/startup/LOGO.png</texture>
			</control>
			<control type="image">
				<depth>DepthBackground</depth>
				<include>FullScreenDimensions</include>
				<centertop>50%</centertop>
				<width>100%</width>
				<height>100%</height>
				<aspectratio>keep</aspectratio>
				<texture>special://skin/media/startup/splash-1.png</texture>
				<animation effect="rotate" center="auto" time="3000" start="100" end="250" loop="true" condition="true" >Conditional</animation>
			</control>
			<control type="image">
				<depth>DepthBackground</depth>
				<include>FullScreenDimensions</include>
				<centertop>50%</centertop>
				<width>100%</width>
				<height>100%</height>
				<aspectratio>keep</aspectratio>
				<texture>special://skin/media/startup/splash-1.png</texture>
				<animation effect="rotate" center="auto" time="100000" start="160" end="0" loop="true" condition="true" >Conditional</animation>
			</control>
			<control type="image">
				<depth>DepthBackground</depth>
				<include>FullScreenDimensions</include>
				<centertop>50%</centertop>
				<width>100%</width>
				<height>100%</height>
				<aspectratio>keep</aspectratio>
				<texture>special://skin/media/startup/splash-2.png</texture>
				<animation effect="rotate" center="auto" time="3000" start="360" end="0" loop="true" condition="true" >Conditional</animation>
			</control>
			<control type="image">
				<depth>DepthBackground</depth>
				<include>FullScreenDimensions</include>
				<centertop>50%</centertop>
				<width>100%</width>
				<height>100%</height>
				<aspectratio>keep</aspectratio>
				<texture>special://skin/media/startup/splash-3.png</texture>
				<animation effect="rotate" center="auto" time="6000" start="360" end="0" loop="true" condition="true" >Conditional</animation>
			</control>
			<control type="image">
				<depth>DepthBackground</depth>
				<include>FullScreenDimensions</include>
				<centertop>50%</centertop>
				<width>100%</width>
				<height>100%</height>
				<aspectratio>keep</aspectratio>
				<texture>special://skin/media/startup/splash-4.png</texture>
				<animation effect="rotate" center="auto" time="100000" start="0" end="260" loop="true" condition="true" >Conditional</animation>
			</control>
		</control>
		<control type="button" id="8000">
			<onfocus condition="Skin.HasSetting(EnableSpashScreen)">ReplaceWindow($INFO[System.StartupWindow])</onfocus>
			<onfocus condition="!Skin.String(SplashScreen) + !Skin.HasSetting(EnableSpashScreen)">AlarmClock(GoHome,ReplaceWindow($INFO[System.StartupWindow]),00:06,silent,false)</onfocus>
			<visible allowhiddenfocus="true">false</visible>
		</control>
	</controls>
</window>